[{"model": "szalonebembeny.category", "pk": 1, "fields": {"name": "Gitary elektryczne", "description": "Gitary, w których drgania stalowej struny umieszczonej w polu magnetycznym są przekształcane w zmiany napięcia elektrycznego za pomocą przetwornika elektromagnetycznego."}}, {"model": "szalonebembeny.category", "pk": 2, "fields": {"name": "Instrumenty Dęte", "description": "Instrumenty muzyczne, w których źródłem dźwięku jest drgający wewnątrz instrumentu słup powietrza. Wysokość dźwięku zależy od długości rury, która tworzy instrument."}}, {"model": "szalonebembeny.category", "pk": 4, "fields": {"name": "Efekty gitarowe", "description": "urządzenia elektroniczne przetwarzające i modyfikujące dźwięk, stosowane przeważnie do gitary elektrycznej, jak również nazwa efektu działania takiego urządzenia."}}, {"model": "szalonebembeny.category", "pk": 5, "fields": {"name": "Gitary basowe", "description": "Instrumenty strunowe szarpane, najczęściej elektryczne, z progami na podstrunnicy (gryfie). Stosuje się także gitary basowe bezprogowe (fretless). Gitara basowa — podobnie jak kontrabas — transponuje o oktawę w dół."}}, {"model": "szalonebembeny.category", "pk": 6, "fields": {"name": "Instrumenty perkusyjne", "description": "Instrumenty muzyczne, w których źródłem dźwięku jest drganie całości lub części instrumentu, które jest wywoływane uderzeniem odpowiedniej części instrumentu pałką, szczotką lub dłonią lub też potrząsaniem całym instrumentem."}}, {"model": "szalonebembeny.product", "pk": 4, "fields": {"name": "Gretsch G2622T Torino Green", "slug": "gitara_gretsch_g2622t", "description": "Rewelacyjna gitara elektryczna o drążonym korpusie wykonana według najwyższych standardów lutniczych. Instrument prezentuje genialne warunki manualne oraz brzmieniowe. Wersja z klasycznym vibrato Bigsby. Gitara oferuje także zestaw genialnych humbuckerów Black Top Broad’Tron z szerokim zakresem kontroli, który umożliwia m.in. regulację głośności przetworników bez utraty tonu.", "category": 1, "price": "2199.00", "stock": 5, "votes": 5, "score": "9.3", "imgpath": "img/gretsch.jpg"}}, {"model": "szalonebembeny.product", "pk": 8, "fields": {"name": "Fender Stratocaster MN Black", "slug": "fender_stratocaster_mn_black", "description": "Fender Player Stratocaster MN to gitara zaprojektowana dla poważnych muzyków. Jej wygląd i sposób gry są znakomicie opływowe, co oznacza, że gra na niej i trzymanie jej w ręku to prawdziwa przyjemność. Od trzech przetworników Player Series Alnico 5 single coil po elegancką klonową szyjkę i podstrunnicę - wszystko jest autentyczne. Z łatwością wydobędziesz z tej gitary jasne, soczyste i pełne detali brzmienie. I łatwo zakochać się w jej urzekającej estetyce. Jeśli szukasz modelu, który nada Twojemu riffs klasycznego Stratocaster blasku i iskry - to jest to.", "category": 1, "price": "3399.00", "stock": 19, "votes": 1, "score": "8.0", "imgpath": "img/fender.jpg"}}, {"model": "szalonebembeny.product", "pk": 9, "fields": {"name": "Boss CE-5 Chorus Ensemble", "slug": "boss_ce-5_chorus_ensemble", "description": "Kostka CE-5 Chorus Ensemble to najlepszy, kompaktowy efekt CHORUS obejmujący szerokie pasmo częstotliwości oraz posiadający filtry dolno- i górnoprzepustowe. Umożliwia użytkownikom kreowanie dowolnego efektu CHORUS – od łagodnego i naturalnego po wyraźny i penetrujący efekt stereofoniczny, popularny w muzyce współczesnej.", "category": 4, "price": "409.00", "stock": 24, "votes": 1, "score": "5.5", "imgpath": "img/bossce-5.jpg"}}, {"model": "szalonebembeny.product", "pk": 10, "fields": {"name": "Boss OS-2 Overdrive/Distortion", "slug": "boss-os-2-overdrive-distortion", "description": "Kostka OS-2 daje gitarzyście możliwość wybrania przesteru OVERDRIVE lub przesteru Distortion, umożliwiając ich łączenie – wszystko w jednym, kompaktowym efekcie podłogo-wym. Generowane zniekształcenie zachowuje subtelne niuanse gitarowych przetworników jednocewkowych.", "category": 4, "price": "379.00", "stock": 38, "votes": 1, "score": "7.0", "imgpath": "img/bossos-2.jpg"}}, {"model": "szalonebembeny.product", "pk": 11, "fields": {"name": "Fender Vintera 60s Mod Jaguar HH PF, Sonic Blue", "slug": "fender-vintera-60s-mod-jaguar-hh-pf-sonic-blue", "description": "Duży dźwięk, większe możliwości. Łącząc grube dźwięki humbucking z stosem opcji do zmiany tonu, FenderVintera 60s Mod Jaguar HH PF jest ostatecznym gitara do wniesienia nieco więcej odmiany do gry. Załadowany z klasycznych Jaguara ołowiu i rytmu obwodów sygnałowych, na flick of a switch, można szybko zmienić swój dźwięk. Odkrywanie nowych stylów w muzyce jest łatwe.", "category": 1, "price": "5199.00", "stock": 2, "votes": 1, "score": "9.0", "imgpath": "img/fenderjaguar.jpg"}}, {"model": "szalonebembeny.product", "pk": 12, "fields": {"name": "Fender American Original '70s Jazz Bass", "slug": "fender-american-original-70s-jazz-bass", "description": "Niezwykła wersja J-Bassa z serii American Original, nawiązującej do najlepszych rozwiązań każdej dekady z historii Fendera. Posiada styl i brzmienie Jazz Bassa z lat 70-tych, a jednocześnie jest współczesnym instrumentem wykorzystującym obecne rozwiązania.", "category": 5, "price": "7999.00", "stock": 8, "votes": 1, "score": "9.5", "imgpath": "img/fenderjazzbass.jpg"}}, {"model": "szalonebembeny.product", "pk": 13, "fields": {"name": "Gibson Thunderbird Bass Tobacco Burst", "slug": "gibson-thunderbird-bass-tobacco-burst", "description": "Gibson Thunderbird ma klasyczną odwróconą konstrukcję korpusu i główki, wprowadzoną po raz pierwszy w 1963 r. jako pierwszy projekt basu Gibsona ze wklejanym gryfem. Tradycyjny 9-warstwowy mahoniowo-orzechowy gryf zapewnia piorunującą artykulację i fortepianowy sustain. Wąski próg zerowy i zaokrąglony profil gryfu zapewnia szybkie i intuicyjne granie. Wysokowydajne, ceramiczne przetworniki typu humbucker (neck oraz bridge) Thunderbirda dostarczają kultową barwę dołu, z której znany jest Thunderbird.", "category": 5, "price": "9699.00", "stock": 10, "votes": 0, "score": "-1.0", "imgpath": "img/gibsonthunderbirdbass.jpg"}}, {"model": "szalonebembeny.product", "pk": 14, "fields": {"name": "Gretsch Brooklyn 22\"", "slug": "gretsch-brooklyn-22", "description": "Wszystkie bębny wyposażone są w naciągi Gretsch Permatone by Remo. Na tomach pojedyncze powlekane naciągi na górze i pojedyncze czyste na dole, na centrali czysty Powerstroke jako uderzany, pojedynczy jako rezonans. Fabrycznie wytłumiony naciągi bębna basowego daje soczysty, pełny atak. Korpusy są pokryte od wewnątrz charakterystyczną dla Gretscha srebrną farbą - silver sealer. Zestawy z wykończeniem satynowym wyposażone w klonowe obręcze z przezroczystym lakierem. Zestawy z wykończeniem w okleinie wyposażone w czarne obręcze z paskiem okleiny. Poza obręczami cały hardware jest identyczny co w serii USA Custom – lugi, system GTS, mocowania nóżek w floortomach.", "category": 6, "price": "15289.00", "stock": 0, "votes": 1, "score": "-1.0", "imgpath": "img/gretschdrums.jpg"}}, {"model": "szalonebembeny.product", "pk": 15, "fields": {"name": "Mooer Reecho", "slug": "mooer-reecho", "description": "Znakomity efekt typu delay, działający w 3 trybach pracy, co zapewnia z jednej strony dużą uniwersalność  MOOER MDL-2 Reecho, a z drugiej, dzięki wysokiej jakości brzmienia również możliwość profesjonalnego zastosowania. Małe gabaryty efektu gwarantują mobilność, a w przypadku używania pedalboard, MDL2 zajmie naprawdę niewiele cennego miejsca.", "category": 4, "price": "269.00", "stock": 31, "votes": 1, "score": "4.5", "imgpath": "img/mooerreecho.jpg"}}, {"model": "szalonebembeny.product", "pk": 16, "fields": {"name": "Puzon altowy Coppergate", "slug": "puzon-altowy-coppergate", "description": "Coppergate Alto Trombone jest idealnym instrumentem dla początkujących graczy, którzy muszą podwoić zarówno na instrumencie altowym, jak i tenorowym, ale bez rozbijania banku. W tonacji Eb, ten instrument jest świetny zarówno dla naprawdę wysokiego jazzowego puzonu, jak i dla określonej muzyki orkiestrowej. Wyposażony w wytrzymałą mosiężną obudowę i zjeżdżalnię z miedzioniklu, ten puzon brzmi i przyjemnie się bawi. W zestawie z tym instrumentem znajduje się solidna obudowa i ustnik.", "category": 2, "price": "859.00", "stock": 15, "votes": 0, "score": "-1.0", "imgpath": "img/puzon.jpg"}}, {"model": "szalonebembeny.product", "pk": 17, "fields": {"name": "Yamaha Pacifica 611 HFM", "slug": "yamaha-pacifica-611-hfm", "description": "Yamaha Pacifica 611 Electric Guitara dopasowuje vintage wibracje z nowoczesną wydajnością. Ciało olchy z flamed maple okleiną wytwarza zrównoważone tony o najwyższej jasności. Mieszanka Custom V i P90 pickup jest idealna dla klasycznego bluesa i stylów rock n rolla ze względu na wysoką wydajność. Klasyczny podwójny cutaway kształt jest idealny do biegania po całej podstrunnicy. Model ten jest wykończony w przezroczystym fiolecie dla uzyskania nowoczesnego wyglądu.", "category": 1, "price": "3299.00", "stock": 6, "votes": 2, "score": "6.5", "imgpath": "img/yamaha.jpg"}}, {"model": "szalonebembeny.product", "pk": 18, "fields": {"name": "Yamaha Stage Custom Birch", "slug": "yamaha-stage-custom-birch", "description": "Wraz z wprowadzeniem perkusji Stage Custom w 1995 roku, Yamaha po raz kolejny ustanowiła standardy jakości wykonania i brzmienia. Nowy zestaw Stage Custom jest zbudowany w 100% z drewna brzozowego oraz ulepszonego metalowego osprzętu.", "category": 6, "price": "3999.00", "stock": 9, "votes": 2, "score": "9.0", "imgpath": "img/yamahadrums.jpg"}}, {"model": "szalonebembeny.profile", "pk": 1, "fields": {"user": 2, "phone_number": "12345679", "address": "Lewicowa 13", "liked_products": [4, 15]}}, {"model": "szalonebembeny.profile", "pk": 2, "fields": {"user": 3, "phone_number": "798727388", "address": "Platynowa 1 Warszawa", "liked_products": []}}, {"model": "szalonebembeny.profile", "pk": 3, "fields": {"user": 4, "phone_number": "696942069", "address": "Rubinowa 14 Rubin", "liked_products": [4, 17, 11, 10, 18, 12]}}, {"model": "szalonebembeny.profile", "pk": 5, "fields": {"user": 5, "phone_number": "765478766", "address": "Zielona 5 Zielonka", "liked_products": [9, 8, 4]}}, {"model": "szalonebembeny.profile", "pk": 6, "fields": {"user": 6, "phone_number": "123456789", "address": "Różana 24", "liked_products": []}}, {"model": "szalonebembeny.profile", "pk": 7, "fields": {"user": 7, "phone_number": "123456789", "address": "Przykładowa 1", "liked_products": [4, 14, 17]}}, {"model": "szalonebembeny.comment", "pk": 4, "fields": {"product": 4, "user": 3, "content": "Klienci bardzo chwalą", "date": "2022-02-21T22:05:30.235Z", "score": "9.0"}}, {"model": "szalonebembeny.comment", "pk": 10, "fields": {"product": 9, "user": 2, "content": "Świetny efekt, polecam", "date": "2022-02-26T00:38:38.215Z", "score": "8.5"}}, {"model": "szalonebembeny.comment", "pk": 11, "fields": {"product": 12, "user": 2, "content": "Służy mi od dawna, wybitny sprzęt", "date": "2022-02-26T00:39:00.921Z", "score": "9.5"}}, {"model": "szalonebembeny.comment", "pk": 12, "fields": {"product": 4, "user": 2, "content": "Najładniejsza gitara na świecie", "date": "2022-02-26T00:39:50.512Z", "score": "9.5"}}, {"model": "szalonebembeny.comment", "pk": 13, "fields": {"product": 9, "user": 4, "content": "Mój nie działał po trzech dniach, odradzam", "date": "2022-02-26T00:41:24.422Z", "score": "1.0"}}, {"model": "szalonebembeny.comment", "pk": 14, "fields": {"product": 15, "user": 4, "content": "Kupiłam ten efekt i po trzech dniach był bezużyteczny", "date": "2022-02-26T00:42:14.385Z", "score": "2.0"}}, {"model": "szalonebembeny.comment", "pk": 15, "fields": {"product": 17, "user": 4, "content": "Dobra do solówek", "date": "2022-02-26T00:42:36.986Z", "score": "6.5"}}, {"model": "szalonebembeny.comment", "pk": 16, "fields": {"product": 11, "user": 4, "content": "Bardzo fajna gitara, dobrze mi służy", "date": "2022-02-26T00:44:00.299Z", "score": "9.0"}}, {"model": "szalonebembeny.comment", "pk": 17, "fields": {"product": 10, "user": 4, "content": "Dużo dodaje do brzmienia", "date": "2022-02-26T00:44:36.364Z", "score": "7.0"}}, {"model": "szalonebembeny.comment", "pk": 18, "fields": {"product": 18, "user": 4, "content": "Dobry do nauki", "date": "2022-02-26T00:45:39.189Z", "score": "8.0"}}, {"model": "szalonebembeny.comment", "pk": 19, "fields": {"product": 9, "user": 5, "content": "Można nim wydawać dźwięki delfina", "date": "2022-02-26T00:46:30.503Z", "score": "7.0"}}, {"model": "szalonebembeny.comment", "pk": 20, "fields": {"product": 8, "user": 5, "content": "Najbardziej znana gitara elektryczna, ale gra bardzo dobrze", "date": "2022-02-26T00:47:41.707Z", "score": "8.0"}}, {"model": "szalonebembeny.comment", "pk": 21, "fields": {"product": 4, "user": 5, "content": "Bigsby pozwala robić niesamowite rzeczy", "date": "2022-02-26T00:48:24.355Z", "score": "8.5"}}, {"model": "szalonebembeny.cart", "pk": 11, "fields": {"user": 3}}, {"model": "szalonebembeny.cart", "pk": 17, "fields": {"user": 5}}, {"model": "szalonebembeny.cart", "pk": 18, "fields": {"user": 2}}, {"model": "szalonebembeny.cart", "pk": 20, "fields": {"user": 4}}, {"model": "szalonebembeny.cart", "pk": 21, "fields": {"user": 6}}, {"model": "szalonebembeny.cart", "pk": 23, "fields": {"user": 7}}, {"model": "szalonebembeny.order", "pk": 9, "fields": {"user": 2, "date": "2022-02-26T00:40:41.454Z", "state": 1, "address": "Lewicowa 14", "deliver_method": "poczta", "payment_method": "BLIK", "full_price": "8817.00"}}, {"model": "szalonebembeny.order", "pk": 10, "fields": {"user": 4, "date": "2022-02-26T00:43:10.669Z", "state": 1, "address": "Rubinowa 14 Rubin", "deliver_method": "DPD", "payment_method": "BLIK", "full_price": "3299.00"}}, {"model": "szalonebembeny.order", "pk": 11, "fields": {"user": 4, "date": "2022-02-26T00:44:58.721Z", "state": 1, "address": "Rubinowa 14 Rubin", "deliver_method": "paczkomat", "payment_method": "pobranie", "full_price": "5837.00"}}, {"model": "szalonebembeny.order", "pk": 12, "fields": {"user": 5, "date": "2022-02-26T00:48:34.594Z", "state": 1, "address": "Zielona 5 Zielonka", "deliver_method": "poczta", "payment_method": "BLIK", "full_price": "6416.00"}}, {"model": "szalonebembeny.order", "pk": 13, "fields": {"user": 2, "date": "2022-02-26T09:00:37.985Z", "state": 1, "address": "Lewicowa 14", "deliver_method": "paczkomat", "payment_method": "przelew", "full_price": "6597.00"}}, {"model": "szalonebembeny.order", "pk": 15, "fields": {"user": 4, "date": "2022-03-17T11:14:09.138Z", "state": 1, "address": "Rubinowa 14 Rubin", "deliver_method": "poczta", "payment_method": "przelew", "full_price": "818.00"}}, {"model": "szalonebembeny.order", "pk": 16, "fields": {"user": 7, "date": "2023-06-19T20:47:02.285Z", "state": 1, "address": "Przykładowa 1", "deliver_method": "DPD", "payment_method": "przelew", "full_price": "2847.00"}}, {"model": "szalonebembeny.orderproducts", "pk": 12, "fields": {"order": 9, "product": 9, "amount": 2}}, {"model": "szalonebembeny.orderproducts", "pk": 13, "fields": {"order": 9, "product": 12, "amount": 1}}, {"model": "szalonebembeny.orderproducts", "pk": 14, "fields": {"order": 10, "product": 17, "amount": 1}}, {"model": "szalonebembeny.orderproducts", "pk": 15, "fields": {"order": 11, "product": 11, "amount": 1}}, {"model": "szalonebembeny.orderproducts", "pk": 16, "fields": {"order": 11, "product": 10, "amount": 1}}, {"model": "szalonebembeny.orderproducts", "pk": 17, "fields": {"order": 11, "product": 15, "amount": 1}}, {"model": "szalonebembeny.orderproducts", "pk": 18, "fields": {"order": 12, "product": 9, "amount": 2}}, {"model": "szalonebembeny.orderproducts", "pk": 19, "fields": {"order": 12, "product": 4, "amount": 1}}, {"model": "szalonebembeny.orderproducts", "pk": 20, "fields": {"order": 12, "product": 8, "amount": 1}}, {"model": "szalonebembeny.orderproducts", "pk": 21, "fields": {"order": 13, "product": 4, "amount": 3}}, {"model": "szalonebembeny.orderproducts", "pk": 23, "fields": {"order": 15, "product": 9, "amount": 2}}, {"model": "szalonebembeny.orderproducts", "pk": 24, "fields": {"order": 16, "product": 4, "amount": 1}}, {"model": "szalonebembeny.orderproducts", "pk": 25, "fields": {"order": 16, "product": 10, "amount": 1}}, {"model": "szalonebembeny.orderproducts", "pk": 26, "fields": {"order": 16, "product": 15, "amount": 1}}]